{"averageTrainLoss": [0.6473449306828635, 0.639100980758667], "charErrorRates": [0.12089584692324418, 0.1248097412480974], "wordAccuracies": [0.6971736204576043, 0.6877523553162853]}